Prestazione,Regione,Provincia,Fonte,Ospedale,Tipo,Eseguiti,Rinviati,Eseguiti nel 2019,Variazione,Note
Visite specialistiche,Emilia Romagna,Bologna,Policlinico di Sant'Orsola,Policlinico di Sant'Orsola,Totale,29100,:,68500,-57.5182481751825,"Il confronto non è sui rinvii, ma sulle prestazioni dello stesso periodo del 2019. Il 48% dei rinvii è avvenuto per iniziativa del paziente."
Visite specialistiche,Toscana,Firenze,AOU Careggi,AOU Careggi,Totale,52077,:,131074,-60.2690083464303,"Il confronto non è sui rinvii, ma sulle prestazioni dello stesso periodo del 2019"
Visite specialistiche,Lazio,Roma,Asl Roma 6,Asl Roma 6,Totale,12660,:,45328,-72.0702435580657,"Il confronto non è sui rinvii, ma sulle prestazioni dello stesso periodo del 2019"
Visite specialistiche,Friuli Venezia Giulia,Pordenone,As Friuli Occidentale,As Friuli Occidentale,Totale,17051,:,37646,-54.7070073845827,"Il confronto non è sui rinvii, ma sulle prestazioni dello stesso periodo del 2019"
Visite specialistiche,Lombardia,Cremona,Ats Valpadana,C.A.L. Rivolta d'Adda,Totale,49,:,52,-5.76923076923077,"Il confronto non è sui rinvii, ma sulle prestazioni dello stesso periodo del 2019"
Visite specialistiche,Lombardia,Cremona,Ats Valpadana,Centro psicosociale,Totale,17,:,133,-87.218045112782,"Il confronto non è sui rinvii, ma sulle prestazioni dello stesso periodo del 2019"
Visite specialistiche,Lombardia,Cremona,Ats Valpadana,Ospedale Maggiore di Crema,Totale,8267,:,36580,-77.4002186987425,"Il confronto non è sui rinvii, ma sulle prestazioni dello stesso periodo del 2019. Il dato comprende 4.443 visite eseguite nel 2020 e 23.278 visite eseguite nel 2019 al poliambulatorio di Crema"
Visite specialistiche,Lombardia,Cremona,Ats Valpadana,Poliambulatorio di Rivolta d'Adda,Totale,268,:,3042,-91.190006574622,"Il confronto non è sui rinvii, ma sulle prestazioni dello stesso periodo del 2019"
Visite specialistiche,Lombardia,Cremona,Ats Valpadana,C.A.L. Soresina,Totale,57,:,52,9.61538461538461,"Il confronto non è sui rinvii, ma sulle prestazioni dello stesso periodo del 2019"
Visite specialistiche,Lombardia,Cremona,Ats Valpadana,CPS Casalmaggiore,Totale,13,:,44,-70.4545454545455,"Il confronto non è sui rinvii, ma sulle prestazioni dello stesso periodo del 2019"
Visite specialistiche,Lombardia,Cremona,Ats Valpadana,CPS Cremona,Totale,39,:,123,-68.2926829268293,"Il confronto non è sui rinvii, ma sulle prestazioni dello stesso periodo del 2019"
Visite specialistiche,Lombardia,Cremona,Ats Valpadana,Ospedale di Cremona,Totale,13745,:,49403,-72.1778029674311,"Il confronto non è sui rinvii, ma sulle prestazioni dello stesso periodo del 2019. Il dato comprende 9.799 visite eseguite nel 2020 e 38.672 visite eseguite nel 2019 al poliambulatorio dell'ospedale, oltre a 0 visite eseguite nel 2020 e a 47 visite eseguite nel 2019 alla UOP 29 di Cremona"
Visite specialistiche,Lombardia,Cremona,Ats Valpadana,Ospedale di Oglio Po,Totale,5196,:,15341,-66.1299784890164,"Il confronto non è sui rinvii, ma sulle prestazioni dello stesso periodo del 2019. Il dato comprende 3.484 visite eseguite nel 2020 e 10.206 visite eseguite nel 2019 al poliambulatorio, oltre a 85 visite eseguite nel 2020 e a 101 visite eseguite nel 2019 al CAL dell'ospedale"
Visite specialistiche,Lombardia,Mantova,Ats Valpadana,Ambulatorio di psichiatria di Ostiglia,Totale,14,:,0,0.0,"Il confronto non è sui rinvii, ma sulle prestazioni dello stesso periodo del 2019"
Visite specialistiche,Lombardia,Mantova,Ats Valpadana,C.A.L. Asola,Totale,5,:,33,-84.8484848484848,"Il confronto non è sui rinvii, ma sulle prestazioni dello stesso periodo del 2019"
Visite specialistiche,Lombardia,Mantova,Ats Valpadana,CPS Psichiatria Mantova,Totale,93,:,167,-44.311377245509,"Il confronto non è sui rinvii, ma sulle prestazioni dello stesso periodo del 2019"
Visite specialistiche,Lombardia,Mantova,Ats Valpadana,CPS Psichiatria Viadana,Totale,5,:,14,-64.2857142857143,"Il confronto non è sui rinvii, ma sulle prestazioni dello stesso periodo del 2019"
Visite specialistiche,Lombardia,Mantova,Ats Valpadana,Ospedale civile Destra Secchia di Pieve di Coriano,Totale,4827,:,14123,-65.821709268569,"Il confronto non è sui rinvii, ma sulle prestazioni dello stesso periodo del 2019. Il dato comprende 2.748 visite eseguite nel 2020 e 7.703 visite eseguite nel 2019 al poliambulatorio"
Visite specialistiche,Lombardia,Mantova,Ats Valpadana,Ospedale Carlo Poma di Mantova,Totale,21545,:,45516,-52.6649969241585,"Il confronto non è sui rinvii, ma sulle prestazioni dello stesso periodo del 2019. Il dato comprende 16.173 visite eseguite nel 2020 e 35.433 visite eseguite nel 2019 al poliambulatorio dell'ospedale di Mantova"
Visite specialistiche,Lombardia,Mantova,Ats Valpadana,Poliambulatorio di Goito,Totale,210,:,1914,-89.0282131661442,"Il confronto non è sui rinvii, ma sulle prestazioni dello stesso periodo del 2019"
Visite specialistiche,Lombardia,Mantova,Ats Valpadana,Poliambulatorio di Mantova,Totale,608,:,2477,-75.4541784416633,"Il confronto non è sui rinvii, ma sulle prestazioni dello stesso periodo del 2019"
Visite specialistiche,Lombardia,Mantova,Ats Valpadana,Poliambulatorio ospedale di Asola,Totale,2277,:,6301,-63.8628789081098,"Il confronto non è sui rinvii, ma sulle prestazioni dello stesso periodo del 2019"
Visite specialistiche,Lombardia,Mantova,Ats Valpadana,Poliambulatorio di Quistello,Totale,120,:,843,-85.7651245551601,"Il confronto non è sui rinvii, ma sulle prestazioni dello stesso periodo del 2019"
Visite specialistiche,Lombardia,Mantova,Ats Valpadana,Poliambulatorio di Viadana,Totale,83,:,1307,-93.6495791889824,"Il confronto non è sui rinvii, ma sulle prestazioni dello stesso periodo del 2019"
Visite specialistiche,Lombardia,Mantova,Ats Valpadana,Ospedale di Asola,Totale,1185,:,5069,-76.6226080094693,"Il confronto non è sui rinvii, ma sulle prestazioni dello stesso periodo del 2019"
Visite specialistiche,Lombardia,Mantova,Ats Valpadana,Polo Sanitario Nuovo Robbiani,Totale,204,:,1965,-89.618320610687,"Il confronto non è sui rinvii, ma sulle prestazioni dello stesso periodo del 2019"
Visite specialistiche,Lazio,Roma,Ospedale Sant'Andrea,Ospedale Sant'Andrea,Totale,9596,:,29685,-67.6739093818427,"Il confronto non è sui rinvii, ma sulle prestazioni dello stesso periodo del 2019"
Visite specialistiche,Veneto,Vicenza,Azienda ULSS 8 Berica,Azienda ULSS 8 Berica,Totale,29746,:,63018,-52.797613380304,"Il confronto non è sui rinvii, ma sulle prestazioni dello stesso periodo del 2019"
Visite specialistiche,Toscana,Firenze,AOU Meyer,Azienda ospedaliero universitaria Meyer,Totale,4504,:,16170,-72.1459492888064,"Il confronto non è sui rinvii, ma sulle prestazioni dello stesso periodo del 2019"
Visite specialistiche,Lombardia,Bergamo,Ats Bergamo,Ats Bergamo,Totale,158498,:,603224,-73.7248517963476,"Il confronto non è sui rinvii, ma sulle prestazioni dello stesso periodo del 2019"
Visite specialistiche,Lazio,Latina,Asl Latina,Consultori,Totale,1511,:,2458,-38.5272579332791,"Il confronto non è sui rinvii, ma sulle prestazioni dello stesso periodo del 2019"
Visite specialistiche,Lazio,Latina,Asl Latina,Centri TSRMEE,Totale,3194,:,2036,56.8762278978389,"Il confronto non è sui rinvii, ma sulle prestazioni dello stesso periodo del 2019"
Visite specialistiche,Lazio,Latina,Asl Latina,Poliambulatorio Ospedale San Giovanni di Dio di Fondi,Totale,398,:,2160,-81.5740740740741,"Il confronto non è sui rinvii, ma sulle prestazioni dello stesso periodo del 2019"
Visite specialistiche,Lazio,Latina,Asl Latina,Poliambulatorio Ospedale Dono Svizzero di Formia,Totale,1211,:,3279,-63.0680085391888,"Il confronto non è sui rinvii, ma sulle prestazioni dello stesso periodo del 2019"
Visite specialistiche,Lazio,Latina,Asl Latina,Poliambulatorio Ospedale Santa Maria Goretti di Latina,Totale,7321,:,19707,-62.8507636880296,"Il confronto non è sui rinvii, ma sulle prestazioni dello stesso periodo del 2019"
Visite specialistiche,Lazio,Latina,Asl Latina,Poliambulatorio Ospedale Fiorini di Terracina,Totale,1937,:,4952,-60.8844911147011,"Il confronto non è sui rinvii, ma sulle prestazioni dello stesso periodo del 2019"
Visite specialistiche,Lazio,Latina,Asl Latina,Poliambulatorio territoriale Aprilia,Totale,1253,:,2702,-53.6269430051813,"Il confronto non è sui rinvii, ma sulle prestazioni dello stesso periodo del 2019"
Visite specialistiche,Lazio,Latina,Asl Latina,Poliambulatorio territoriale Cisterna,Totale,355,:,1344,-73.5863095238095,"Il confronto non è sui rinvii, ma sulle prestazioni dello stesso periodo del 2019"
Visite specialistiche,Lazio,Latina,Asl Latina,Poliambulatorio territoriale Cori,Totale,46,:,172,-73.2558139534884,"Il confronto non è sui rinvii, ma sulle prestazioni dello stesso periodo del 2019"
Visite specialistiche,Lazio,Latina,Asl Latina,Poliambulatorio territoriale Fondi,Totale,113,:,514,-78.0155642023346,"Il confronto non è sui rinvii, ma sulle prestazioni dello stesso periodo del 2019"
Visite specialistiche,Lazio,Latina,Asl Latina,Poliambulatorio territoriale Gaeta,Totale,899,:,3711,-75.7747237941256,"Il confronto non è sui rinvii, ma sulle prestazioni dello stesso periodo del 2019"
Visite specialistiche,Lazio,Latina,Asl Latina,Poliambulatorio territoriale Latina,Totale,1197,:,3956,-69.74216380182,"Il confronto non è sui rinvii, ma sulle prestazioni dello stesso periodo del 2019"
Visite specialistiche,Lazio,Latina,Asl Latina,Poliambulatorio territoriale Minturno,Totale,63,:,668,-90.5688622754491,"Il confronto non è sui rinvii, ma sulle prestazioni dello stesso periodo del 2019"
Visite specialistiche,Lazio,Latina,Asl Latina,Poliambulatorio territoriale Norma,Totale,0,:,21,-100.0,"Il confronto non è sui rinvii, ma sulle prestazioni dello stesso periodo del 2019"
Visite specialistiche,Lazio,Latina,Asl Latina,Poliambulatorio territoriale Pontinia,Totale,39,:,192,-79.6875,"Il confronto non è sui rinvii, ma sulle prestazioni dello stesso periodo del 2019"
Visite specialistiche,Lazio,Latina,Asl Latina,Poliambulatorio territoriale Ponza,Totale,30,:,156,-80.7692307692308,"Il confronto non è sui rinvii, ma sulle prestazioni dello stesso periodo del 2019"
Visite specialistiche,Lazio,Latina,Asl Latina,Poliambulatorio territoriale Priverno,Totale,400,:,1043,-61.6490891658677,"Il confronto non è sui rinvii, ma sulle prestazioni dello stesso periodo del 2019"
Visite specialistiche,Lazio,Latina,Asl Latina,Poliambulatorio territoriale Sabaudia,Totale,47,:,36,30.5555555555555,"Il confronto non è sui rinvii, ma sulle prestazioni dello stesso periodo del 2019"
Visite specialistiche,Lazio,Latina,Asl Latina,Poliambulatorio territoriale Sezze,Totale,202,:,1195,-83.0962343096234,"Il confronto non è sui rinvii, ma sulle prestazioni dello stesso periodo del 2019"
Visite specialistiche,Lazio,Latina,Asl Latina,Poliambulatorio territoriale Terracina,Totale,252,:,955,-73.6125654450262,"Il confronto non è sui rinvii, ma sulle prestazioni dello stesso periodo del 2019"
Visite specialistiche,Lazio,Latina,Asl Latina,Poliambulatorio territoriale Ventotene,Totale,8,:,17,-52.9411764705882,"Il confronto non è sui rinvii, ma sulle prestazioni dello stesso periodo del 2019"
Visite specialistiche,Lombardia,Brescia,Asst del Garda,Asst del Garda,Totale,12433,:,33741,-63.1516552562165,"Il confronto non è sui rinvii, ma sulle prestazioni dello stesso periodo del 2019"
Visite specialistiche,Calabria,Cosenza,Asp Cosenza,Ospedale di Corigliano,Totale,258,:,1244,-79.2604501607717,"Il confronto non è sui rinvii, ma sulle prestazioni dello stesso periodo del 2019"
Visite specialistiche,Calabria,Cosenza,Asp Cosenza,Ospedale di Rossano,Totale,1278,:,3423,-62.6643295354952,"Il confronto non è sui rinvii, ma sulle prestazioni dello stesso periodo del 2019"
Visite specialistiche,Calabria,Cosenza,Asp Cosenza,Ospedale di Cetraro,Totale,346,:,3415,-89.8682284040996,"Il confronto non è sui rinvii, ma sulle prestazioni dello stesso periodo del 2019"
Visite specialistiche,Calabria,Cosenza,Asp Cosenza,Ospedale di Castrovillari,Totale,981,:,3550,-72.3661971830986,"Il confronto non è sui rinvii, ma sulle prestazioni dello stesso periodo del 2019"
Visite specialistiche,Calabria,Cosenza,Asp Cosenza,Ospedale di Paola,Totale,998,:,2617,-61.8647306075659,"Il confronto non è sui rinvii, ma sulle prestazioni dello stesso periodo del 2019"
Visite specialistiche,Calabria,Cosenza,Asp Cosenza,Ospedale di Praia a Mare,Totale,298,:,1199,-75.1459549624687,"Il confronto non è sui rinvii, ma sulle prestazioni dello stesso periodo del 2019"
Visite specialistiche,Calabria,Cosenza,Asp Cosenza,Ospedale di San Giovanni in Fiore,Totale,538,:,1017,-47.0993117010816,"Il confronto non è sui rinvii, ma sulle prestazioni dello stesso periodo del 2019"
Visite specialistiche,Calabria,Cosenza,Asp Cosenza,Ospedale di Trebisacce,Totale,723,:,1412,-48.7960339943343,"Il confronto non è sui rinvii, ma sulle prestazioni dello stesso periodo del 2019"
Visite specialistiche,Calabria,Cosenza,Asp Cosenza,Ospedale di Acri,Totale,261,:,837,-68.8172043010753,"Il confronto non è sui rinvii, ma sulle prestazioni dello stesso periodo del 2019"
Visite specialistiche,Toscana,Pisa,AOU Pisana,AOU Pisana,Totale,6676,:,25081,-73.3822415374188,"Il confronto non è sui rinvii, ma sulle prestazioni dello stesso periodo del 2019"
Visite specialistiche,Emilia Romagna,Ferrara,AOU Arcispedale Sant'Anna di Ferrara,AOU Arcispedale Sant'Anna di Ferrara,Totale,13106,:,30946,-57.6488076003361,"Il confronto non è sui rinvii, ma sulle prestazioni dello stesso periodo del 2019"
Visite specialistiche,Sicilia,Messina,Ao Papardo,Ao Papardo,Totale,5212,:,11838,-55.9722926169961,"Il confronto non è sui rinvii, ma sulle prestazioni dello stesso periodo del 2019"
Visite specialistiche,Liguria,Genova,Ospedale Evangelico Internazionale,Ospedale Evangelico Internazionale,Totale,7769,:,27971,-72.2248042615566,"Il confronto non è sui rinvii, ma sulle prestazioni dello stesso periodo del 2019"
Visite specialistiche,Friuli Venezia Giulia,Trieste,IRCCS Materno Infantile Burlo Garofolo,IRCCS Materno Infantile Burlo Garofolo,Totale,8208,:,19760,-58.4615384615385,"Il confronto non è sui rinvii, ma sulle prestazioni dello stesso periodo del 2019"
Visite specialistiche,Toscana,Massa Carrara,Azienda Usl Toscana Nord Ovest,Azienda Usl 1 Massa Carrara,Totale,16620,:,50814,-67.2924784508206,"Il confronto non è sui rinvii, ma sulle prestazioni dello stesso periodo del 2019"
Visite specialistiche,Toscana,Lucca,Azienda Usl Toscana Nord Ovest,Azienda Usl 2 Lucca,Totale,22011,:,59742,-63.1565732650397,"Il confronto non è sui rinvii, ma sulle prestazioni dello stesso periodo del 2019"
Visite specialistiche,Toscana,Pisa,Azienda Usl Toscana Nord Ovest,Azienda Usl 5 Pisa,Totale,16711,:,42978,-61.1173158360091,"Il confronto non è sui rinvii, ma sulle prestazioni dello stesso periodo del 2019"
Visite specialistiche,Toscana,Livorno,Azienda Usl Toscana Nord Ovest,Azienda Usl 6 Livorno,Totale,36627,:,88896,-58.7979211663067,"Il confronto non è sui rinvii, ma sulle prestazioni dello stesso periodo del 2019"
Visite specialistiche,Toscana,Livorno,Azienda Usl Toscana Nord Ovest,Azienda Usl 12 Viareggio,Totale,6231,:,44034,-85.8495707862106,"Il confronto non è sui rinvii, ma sulle prestazioni dello stesso periodo del 2019"
Visite specialistiche,Lombardia,Pavia,Ats Pavia,Policlinico San Matteo di Pavia,Totale,13690,:,44069,-68.9350790805328,"Il confronto non è sui rinvii, ma sulle prestazioni dello stesso periodo del 2019"
Visite specialistiche,Lombardia,Pavia,Ats Pavia,IRCCS Maugeri di Pavia,Totale,2009,:,9228,-78.2293021239705,"Il confronto non è sui rinvii, ma sulle prestazioni dello stesso periodo del 2019"
Visite specialistiche,Lombardia,Pavia,Ats Pavia,IRCCS Mondino,Totale,599,:,3233,-81.4723167336839,"Il confronto non è sui rinvii, ma sulle prestazioni dello stesso periodo del 2019"
Visite specialistiche,Lombardia,Pavia,Ats Pavia,IRCCS Maugeri di Montescano,Totale,84,:,803,-89.5392278953923,"Il confronto non è sui rinvii, ma sulle prestazioni dello stesso periodo del 2019"
Visite specialistiche,Lombardia,Lodi,Asst Lodi,Asst Lodi,Totale,36640,:,139266,-73.6906351873393,"Il confronto non è sui rinvii, ma sulle prestazioni dello stesso periodo del 2019"
Visite specialistiche,Lombardia,Brescia,Asst Valcamonica,Asst Valcamonica,Totale,4052,:,15237,-73.4068386165256,
Visite specialistiche,Trentino Alto Adige,Bolzano,Azienda sanitaria dell'Alto Adige,Ospedale central di Bolzano,Totale,17211,:,36336,-52.633751651255,"Il confronto non è sui rinvii, ma sulle prestazioni dello stesso periodo del 2019"
Visite specialistiche,Trentino Alto Adige,Bolzano,Azienda sanitaria dell'Alto Adige,Ospedale di Merano,Totale,21265,:,21099,0.786767145362333,"Il confronto non è sui rinvii, ma sulle prestazioni dello stesso periodo del 2019"
Visite specialistiche,Trentino Alto Adige,Bolzano,Azienda sanitaria dell'Alto Adige,Ospedale di Bressanone,Totale,6393,:,15783,-59.4943927010074,"Il confronto non è sui rinvii, ma sulle prestazioni dello stesso periodo del 2019"
Visite specialistiche,Trentino Alto Adige,Bolzano,Azienda sanitaria dell'Alto Adige,Ospedale di Brunico,Totale,5805,:,15543,-62.6519976838448,"Il confronto non è sui rinvii, ma sulle prestazioni dello stesso periodo del 2019"
Visite specialistiche,Lombardia,Milano,IRCCS Istituto tumori di Milano,IRCCS Istituto tumori di Milano,Totale,3331,:,6502,-48.7696093509689,"L'IRCCS precisa che la riduzione è dovuta in particolare al mancato afflusso dei pazienti da fuori regione. Il confronto non è sui rinvii, ma sulle prestazioni dello stesso periodo del 2019"
Visite specialistiche,Emilia Romagna,Reggio Emilia,Ausl Reggio Emilia,Ospedale di Reggio Emilia,Totale,28741,:,51144,-43.8037697481621,"Il confronto non è sui rinvii, ma sulle prestazioni dello stesso periodo del 2019"
Visite specialistiche,Emilia Romagna,Reggio Emilia,Ausl Reggio Emilia,Ospedale di Correggio,Totale,3119,:,9192,-66.0683202785031,"Il confronto non è sui rinvii, ma sulle prestazioni dello stesso periodo del 2019"
Visite specialistiche,Emilia Romagna,Reggio Emilia,Ausl Reggio Emilia,Ospedale di Scandiano,Totale,2257,:,8637,-73.8682412874841,"Il confronto non è sui rinvii, ma sulle prestazioni dello stesso periodo del 2019"
Visite specialistiche,Emilia Romagna,Reggio Emilia,Ausl Reggio Emilia,Distretto di Reggio Emilia,Totale,5836,:,20084,-70.9420434176459,"Il confronto non è sui rinvii, ma sulle prestazioni dello stesso periodo del 2019"
Visite specialistiche,Emilia Romagna,Reggio Emilia,Ausl Reggio Emilia,Ospedale di Montecchio,Totale,2801,:,10154,-72.4148118967895,"Il confronto non è sui rinvii, ma sulle prestazioni dello stesso periodo del 2019"
Visite specialistiche,Emilia Romagna,Reggio Emilia,Ausl Reggio Emilia,Ospedale di Castelnovo Monti,Totale,1844,:,5289,-65.1351862355833,"Il confronto non è sui rinvii, ma sulle prestazioni dello stesso periodo del 2019"
Visite specialistiche,Emilia Romagna,Reggio Emilia,Ausl Reggio Emilia,Ospedale di Guastalla,Totale,4954,:,13340,-62.8635682158921,"Il confronto non è sui rinvii, ma sulle prestazioni dello stesso periodo del 2019"
Visite specialistiche,Campania,Avellino,AORN San Giuseppe Moscati di Avellino,AORN San Giuseppe Moscati di Avellino,Totale,3628,:,13232,-72.5816203143894,"Il confronto non è sui rinvii, ma sulle prestazioni dello stesso periodo del 2019"
Visite specialistiche,Emilia Romagna,Bologna,Ausl Bologna,Ausl Bologna,Totale,66728,:,97003,-31.2103749368576,"Il confronto non è sui rinvii, ma sulle prestazioni dello stesso periodo del 2019"
Visite specialistiche,Basilicata,Potenza,AO San Carlo,AO San Carlo,Totale,7149,18761,:,-72.4083365495948,
Visite specialistiche,Basilicata,Matera,ASM Matera,Distretto di Policoro,Totale,766,844,:,-52.4223602484472,
Visite specialistiche,Basilicata,Matera,ASM Matera,Distretto Matera,Totale,4203,4180,:,-49.8628176070619,
Visite specialistiche,Basilicata,Potenza,ASP Potenza,Ambulatorio Rapone,Totale,0,6,:,-100.0,
Visite specialistiche,Basilicata,Potenza,ASP Potenza,Ambulatorio San Fele,Totale,0,6,:,-100.0,
Visite specialistiche,Basilicata,Potenza,ASP Potenza,Dip. Prevenzione - Neuropsichiatria infantile,Totale,1,67,:,-98.5294117647059,
Visite specialistiche,Basilicata,Potenza,ASP Potenza,Dipartimento Salute Mentale,Totale,179,61,:,-25.4166666666667,
Visite specialistiche,Basilicata,Potenza,ASP Potenza,Distretto Brienza,Totale,0,21,:,-100.0,
Visite specialistiche,Basilicata,Potenza,ASP Potenza,Distretto Genzano di Lucania,Totale,3,162,:,-98.1818181818182,
Visite specialistiche,Basilicata,Potenza,ASP Potenza,Distretto Lagonegro,Totale,12,191,:,-94.0886699507389,
Visite specialistiche,Basilicata,Potenza,ASP Potenza,Distretto Lavello,Totale,27,334,:,-92.5207756232687,
Visite specialistiche,Basilicata,Potenza,ASP Potenza,Distretto Melfi,Totale,25,209,:,-89.3162393162393,
Visite specialistiche,Basilicata,Potenza,ASP Potenza,Distretto Rionero,Totale,83,992,:,-92.2790697674419,
Visite specialistiche,Basilicata,Potenza,ASP Potenza,Distretto Villa D'Agri,Totale,80,1275,:,-94.0959409594096,
Visite specialistiche,Basilicata,Potenza,ASP Potenza,Ex-Ospedale Pescopagano,Totale,0,24,:,-100.0,
Visite specialistiche,Basilicata,Potenza,ASP Potenza,Ospedale di Chiaromonte,Totale,30,518,:,-94.5255474452555,
Visite specialistiche,Basilicata,Potenza,ASP Potenza,Ospedale di Lauria,Totale,27,744,:,-96.4980544747082,
Visite specialistiche,Basilicata,Potenza,ASP Potenza,Ospedale di Maratea,Totale,54,397,:,-88.0266075388027,
Visite specialistiche,Basilicata,Potenza,ASP Potenza,Ospedale Venosa,Totale,103,2262,:,-95.6448202959831,
Visite specialistiche,Basilicata,Potenza,ASP Potenza,Poliambulatorio Avigliano,Totale,10,109,:,-91.5966386554622,
Visite specialistiche,Basilicata,Potenza,ASP Potenza,Poliambulatorio di Latronico,Totale,0,12,:,-100.0,
Visite specialistiche,Basilicata,Potenza,ASP Potenza,Poliambulatorio di Rotonda,Totale,1,216,:,-99.5391705069124,
Visite specialistiche,Basilicata,Potenza,ASP Potenza,Poliambulatorio di Senise,Totale,31,856,:,-96.5050732807215,
Visite specialistiche,Basilicata,Potenza,ASP Potenza,Poliambulatorio Muro Lucano,Totale,6,304,:,-98.0645161290323,
Visite specialistiche,Basilicata,Potenza,ASP Potenza,Poliambulatorio Oppido Lucano,Totale,3,40,:,-93.0232558139535,
Visite specialistiche,Basilicata,Potenza,ASP Potenza,Poliambulatorio Picerno,Totale,0,27,:,-100.0,
Visite specialistiche,Basilicata,Potenza,ASP Potenza,Poliambulatorio Potenza,Totale,323,5299,:,-94.2547136250445,
Visite specialistiche,Basilicata,Potenza,ASP Potenza,Poliambulatorio Sant'Arcangelo,Totale,25,469,:,-94.9392712550607,
Visite specialistiche,Basilicata,Potenza,ASP Potenza,Servizi ASP Ospedale Melfi,Totale,11,185,:,-94.3877551020408,
Visite specialistiche,Basilicata,Potenza,ASP Potenza,Servizi ASP Ospedale VdA,Totale,40,400,:,-90.9090909090909,
Visite specialistiche,Basilicata,Potenza,ASP Potenza,Servizio Igiene Alimenti e Nutrizione,Totale,24,220,:,-90.1639344262295,
Visite specialistiche,Basilicata,Potenza,ASP Potenza,Sub Distretto Palazzo San Gervasio,Totale,46,146,:,-76.0416666666667,
Visite specialistiche,Abruzzo,Chieti,Asl 2 Abruzzo,Centro Salute mentale di Chieti,Totale,448,2,:,-0.444444444444444,
Visite specialistiche,Abruzzo,Chieti,Asl 2 Abruzzo,D.S.B. Atessa,Totale,93,38,:,-29.0076335877863,
Visite specialistiche,Abruzzo,Chieti,Asl 2 Abruzzo,D.S.B. Bucchianico,Totale,15,0,:,0.0,
Visite specialistiche,Abruzzo,Chieti,Asl 2 Abruzzo,D.S.B. Casalbordino,Totale,141,88,:,-38.4279475982533,
Visite specialistiche,Abruzzo,Chieti,Asl 2 Abruzzo,D.S.B. Casoli,Totale,349,104,:,-22.9580573951435,
Visite specialistiche,Abruzzo,Chieti,Asl 2 Abruzzo,D.S.B. Castiglione Messer Marino,Totale,33,10,:,-23.2558139534884,
Visite specialistiche,Abruzzo,Chieti,Asl 2 Abruzzo,D.S.B. Chieti centro,Totale,584,216,:,-27.0,
Visite specialistiche,Abruzzo,Chieti,Asl 2 Abruzzo,D.S.B. Fossacesia,Totale,19,0,:,0.0,
Visite specialistiche,Abruzzo,Chieti,Asl 2 Abruzzo,D.S.B. Francavilla al mare,Totale,595,246,:,-29.2508917954816,
Visite specialistiche,Abruzzo,Chieti,Asl 2 Abruzzo,D.S.B. Gissi,Totale,68,32,:,-32.0,
Visite specialistiche,Abruzzo,Chieti,Asl 2 Abruzzo,D.S.B. Guardiagrele,Totale,268,92,:,-25.5555555555556,
Visite specialistiche,Abruzzo,Chieti,Asl 2 Abruzzo,D.S.B. Lama dei Peligni,Totale,35,2,:,-5.40540540540541,
Visite specialistiche,Abruzzo,Chieti,Asl 2 Abruzzo,D.S.B. Lanciano,Totale,542,101,:,-15.7076205287714,
Visite specialistiche,Abruzzo,Chieti,Asl 2 Abruzzo,D.S.B. Miglianico,Totale,89,26,:,-22.6086956521739,
Visite specialistiche,Abruzzo,Chieti,Asl 2 Abruzzo,D.S.B. Orsogna,Totale,39,17,:,-30.3571428571429,
Visite specialistiche,Abruzzo,Chieti,Asl 2 Abruzzo,D.S.B. Ortona,Totale,502,150,:,-23.0061349693252,
Visite specialistiche,Abruzzo,Chieti,Asl 2 Abruzzo,D.S.B. San Giovanni Teatino,Totale,113,60,:,-34.6820809248555,
Visite specialistiche,Abruzzo,Chieti,Asl 2 Abruzzo,D.S.B. San Salvo,Totale,281,84,:,-23.013698630137,
Visite specialistiche,Abruzzo,Chieti,Asl 2 Abruzzo,D.S.B. Tollo,Totale,134,36,:,-21.1764705882353,
Visite specialistiche,Abruzzo,Chieti,Asl 2 Abruzzo,D.S.B. Torriccella Peligna,Totale,53,13,:,-19.6969696969697,
Visite specialistiche,Abruzzo,Chieti,Asl 2 Abruzzo,D.S.B. Vasto,Totale,576,280,:,-32.7102803738318,
Visite specialistiche,Abruzzo,Chieti,Asl 2 Abruzzo,D.S.B. Villa Santa Maria,Totale,219,57,:,-20.6521739130435,
Visite specialistiche,Abruzzo,Chieti,Asl 2 Abruzzo,Ex ospedale pediatrico di Chieti,Totale,147,0,:,0.0,
Visite specialistiche,Abruzzo,Chieti,Asl 2 Abruzzo,"Hospice ""Alba chiara"" di Lanciano",Totale,56,0,:,0.0,
Visite specialistiche,Abruzzo,Chieti,Asl 2 Abruzzo,Hospice Torrevecchia Teatina,Totale,5,0,:,0.0,
Visite specialistiche,Abruzzo,Chieti,Asl 2 Abruzzo,"Ospedale ""San Camillo De Lellis"" di Atessa",Totale,295,48,:,-13.9941690962099,
Visite specialistiche,Abruzzo,Chieti,Asl 2 Abruzzo,"Ospedale ""Ss. Annunziata"" di Chieti",Totale,8988,1213,:,-11.890991079306,
Visite specialistiche,Abruzzo,Chieti,Asl 2 Abruzzo,"Ospedale ""Floraspe Renzetti"" di Lanciano",Totale,5000,151,:,-2.93146961754999,
Visite specialistiche,Abruzzo,Chieti,Asl 2 Abruzzo,"Ospedale ""Bernabeo"" di Ortona",Totale,1160,341,:,-22.7181878747502,
Visite specialistiche,Abruzzo,Chieti,Asl 2 Abruzzo,"Ospedale ""San Pio da Pieterelcina"" di Vasto",Totale,2956,76,:,-2.5065963060686,
Visite specialistiche,Abruzzo,Chieti,Asl 2 Abruzzo,"P.T.A. ""Consalvi"" di Casoli",Totale,333,0,:,0.0,
Visite specialistiche,Abruzzo,Chieti,Asl 2 Abruzzo,P.T.A. Gissi,Totale,188,19,:,-9.17874396135266,
Visite specialistiche,Abruzzo,Chieti,Asl 2 Abruzzo,"P.T.A. Guardiagrele ""SS. Immacolata""",Totale,121,8,:,-6.2015503875969,
Visite specialistiche,Abruzzo,Chieti,Asl 2 Abruzzo,Pneumologia territoriale Chieti,Totale,106,0,:,0.0,
Visite specialistiche,Veneto,Vicenza,Ulss 7 Pedemontana,Distretto 1 Bassano,Totale,8903,4359,:,-32.8683456492233,Il dato comprende 220 visite eseguite dalle strutture private accreditate
Visite specialistiche,Veneto,Vicenza,Ulss 7 Pedemontana,Distretto 2 Alto Vicentino,Totale,7872,5105,:,-39.3388302381136,Il dato comprende 400 visite eseguite dalle strutture private accreditate
Visite specialistiche,Puglia,Bari,Asl Bari,Riabilitazione Gioia Del Colle,Totale,8,12,:,-60.0,
Visite specialistiche,Puglia,Bari,Asl Bari,Poliambulatorio Monopoli,Totale,432,282,:,-39.4957983193277,
Visite specialistiche,Puglia,Bari,Asl Bari,Poliambulatorio Polignano,Totale,467,162,:,-25.7551669316375,
Visite specialistiche,Puglia,Bari,Asl Bari,Poliambulatorio Alberobello,Totale,220,75,:,-25.4237288135593,
Visite specialistiche,Puglia,Bari,Asl Bari,Ospedale Santa Maria degli Angeli di Putignano,Totale,382,480,:,-55.6844547563805,
Visite specialistiche,Puglia,Bari,Asl Bari,Poliambulatorio Casamassima,Totale,456,396,:,-46.4788732394366,
Visite specialistiche,Puglia,Bari,Asl Bari,Poliambulatorio di Conversano,Totale,1688,586,:,-25.7695690413369,"Il dato comprende 14 visite eseguite e 0 rinviate all'ospedale ""F. Jaia"" di Conversano"
Visite specialistiche,Puglia,Bari,Asl Bari,Poliambulatorio di Gioia Del Colle,Totale,790,567,:,-41.7833456153279,
Visite specialistiche,Puglia,Bari,Asl Bari,Poliambulatorio Sammichele,Totale,80,59,:,-42.4460431654676,
Visite specialistiche,Puglia,Bari,Asl Bari,Poliambulatorio Turi,Totale,157,103,:,-39.6153846153846,
Visite specialistiche,Puglia,Bari,Asl Bari,Ospedale San Giacomo di Monopoli,Totale,950,472,:,-33.1926863572433,
Visite specialistiche,Puglia,Bari,Asl Bari,Poliambulatorio Locorotondo,Totale,202,152,:,-42.9378531073446,
Visite specialistiche,Puglia,Bari,Asl Bari,Poliambulatorio Putignano,Totale,660,409,:,-38.2600561272217,
Visite specialistiche,Puglia,Bari,Asl Bari,Ser.D. Gioia Del Colle,Totale,1,0,:,0.0,
Visite specialistiche,Puglia,Bari,Asl Bari,Ospedale Don Tonino Bello di Molfetta,Totale,1039,474,:,-31.3284864507601,Il dato comprende 7 visite eseguite e 0 rinviate al Centro Tisiopn. di Molfetta
Visite specialistiche,Puglia,Bari,Asl Bari,Poliambulatorio Molfetta,Totale,919,437,:,-32.2271386430678,
Visite specialistiche,Puglia,Bari,Asl Bari,Poliambulatorio Giovinazzo,Totale,574,243,:,-29.7429620563036,
Visite specialistiche,Puglia,Bari,Asl Bari,Poliambulatorio Bitonto,Totale,1698,1033,:,-37.824972537532,Il dato comprende 29 visite effettuate e 23 rimandate all'ambulatorio di riabilitazione di via Gomes a Bitonto
Visite specialistiche,Puglia,Bari,Asl Bari,Polambulatorio Ruvo Di Puglia,Totale,842,273,:,-24.4843049327354,Il dato comprende 11 visite effettuate e 5 rimandate all'ambulatorio di riabilitazione di Ruvo di Puglia
Visite specialistiche,Puglia,Bari,Asl Bari,"Ospedale ""Umberto I"" di Corato",Totale,808,308,:,-27.5985663082437,
Visite specialistiche,Puglia,Bari,Asl Bari,Poliambulatorio Corato,Totale,1074,801,:,-42.72,
Visite specialistiche,Puglia,Bari,Asl Bari,"Ospedale ""Sarcone"" di Terlizzi",Totale,751,493,:,-39.6302250803859,Il dato comprende 328 visite eseguite e 230 rinviate al Poliambulatorio di Terlizzi
Visite specialistiche,Puglia,Bari,Asl Bari,Poliambulatorio Palo Del Colle,Totale,387,321,:,-45.3389830508475,
Visite specialistiche,Puglia,Bari,Asl Bari,Servizio Riabilitazione Ex Art 25 Terlizzi,Totale,53,3,:,-5.35714285714286,
Visite specialistiche,Puglia,Bari,Asl Bari,Servizio Riabilitazione Ex Art 25 Corato,Totale,29,1,:,-3.33333333333333,
Visite specialistiche,Puglia,Bari,Asl Bari,Ospedale Di Venere di Bari,Totale,1228,1861,:,-60.2460343153124,
Visite specialistiche,Puglia,Bari,Asl Bari,Poliambulatorio Bari Japigia,Totale,1326,668,:,-33.5005015045135,
Visite specialistiche,Puglia,Bari,Asl Bari,Ospedale San Paolo di Bari,Totale,2258,1751,:,-43.6767273634323,
Visite specialistiche,Puglia,Bari,Asl Bari,Ospedale Triggiano,Totale,1258,548,:,-30.343300110742,Il dato comprende 842 visite eseguite e 253 rinviate al Poliambulatorio di Triggiano
Visite specialistiche,Puglia,Bari,Asl Bari,Poliambulatorio Bari Cto,Totale,111,73,:,-39.6739130434783,Il dato comprende 9 visite eseguite e 0 rinviate del dipartimento di prevenzione
Visite specialistiche,Puglia,Bari,Asl Bari,Poliambulatorio Modugno,Totale,1247,249,:,-16.644385026738,
Visite specialistiche,Puglia,Bari,Asl Bari,Poliambulatorio Rutigliano,Totale,447,310,:,-40.9511228533686,"Il dato comprende 22 visite eseguite e 17 rinviate all'Osp. Rutigliano ""Monte Dei P."""
Visite specialistiche,Puglia,Bari,Asl Bari,Poliambulatorio Mola Di Bari,Totale,588,203,:,-25.6637168141593,
Visite specialistiche,Puglia,Bari,Asl Bari,Poliambulatorio Adelfia,Totale,859,412,:,-32.4154209284028,
Visite specialistiche,Puglia,Bari,Asl Bari,Poliambulatorio Bari - Santo Spirito,Totale,561,438,:,-43.8438438438438,
Visite specialistiche,Puglia,Bari,Asl Bari,Poliambulatorio San Paolo - Casa Salute di Bari,Totale,747,171,:,-18.6274509803922,
Visite specialistiche,Puglia,Bari,Asl Bari,Consultorio Bitritto,Totale,11,0,:,0.0,
Visite specialistiche,Puglia,Bari,Asl Bari,"Ospedale della Murgia ""Fabio Perinei""",Totale,1105,871,:,-44.0789473684211,
Visite specialistiche,Puglia,Bari,Asl Bari,Poliambulatorio Altamura,Totale,488,474,:,-49.2723492723493,Il dto comprende 1 visita eseguita e 0 rinviate all'Uosvd Dca Disturbi Del Comportamento Alimentare
Visite specialistiche,Puglia,Bari,Asl Bari,Poliambulatorio Toritto,Totale,145,143,:,-49.6527777777778,
Visite specialistiche,Puglia,Bari,Asl Bari,Poliambulatorio Gravina In Puglia,Totale,503,431,:,-46.1456102783726,
Visite specialistiche,Puglia,Bari,Asl Bari,Poliambulatorio Poggiorsini,Totale,21,2,:,-8.69565217391304,
Visite specialistiche,Puglia,Bari,Asl Bari,Poliambulatorio Cassano delle Murge,Totale,178,302,:,-62.9166666666667,
Visite specialistiche,Puglia,Bari,Asl Bari,Poliambulatorio Sannicandro,Totale,169,81,:,-32.4,
Visite specialistiche,Puglia,Bari,Asl Bari,Riabilitazione Gravina In Puglia,Totale,46,11,:,-19.2982456140351,
Visite specialistiche,Puglia,Bari,Asl Bari,Riabilitazione Santeramo,Totale,24,7,:,-22.5806451612903,
Visite specialistiche,Puglia,Bari,Asl Bari,Riabilitazione Altamura,Totale,11,55,:,-83.3333333333333,
Visite specialistiche,Puglia,Bari,Asl Bari,Poliambulatorio Santeramo,Totale,871,672,:,-43.551523007129,
Visite specialistiche,Puglia,Bari,Asl Bari,Riabilitazione Acquaviva Delle Fonti,Totale,10,5,:,-33.3333333333333,
Visite specialistiche,Puglia,Bari,Asl Bari,Pta Grumo Appula,Totale,792,296,:,-27.2058823529412,
Visite specialistiche,Puglia,Bari,Asl Bari,Poliambulatorio Noicattaro,Totale,84,72,:,-46.1538461538462,
Visite specialistiche,Puglia,Bari,Asl Bari,Centri di salute mentale,Totale,52,0,:,0.0,Il dato fa riferimento a tutti i centri di salute mentale attivi sul territorio dell'Asl
Visite specialistiche,Puglia,Bari,Asl Bari,Neuropsichiatria infantile,Totale,266,320,:,-54.6075085324232,Il dato fa riferimento a tutte le neuropsichiatrie infantili attive sul territorio dell'Asl
Visite specialistiche,Puglia,Bari,Asl Bari,Poliambulatorio Noci,Totale,518,271,:,-34.3472750316857,
Visite specialistiche,Puglia,Bari,Asl Bari,Riabilitazione Bari Santo Spirito,Totale,38,13,:,-25.4901960784314,
Visite specialistiche,Puglia,Bari,Asl Bari,Poliambulatorio Bari Via Fani,Totale,3272,1598,:,-32.8131416837782,
Visite specialistiche,Emilia Romagna,Bologna,Istituto ortopedico Rizzoli,Istituto ortopedico Rizzoli,Totale,4386,6448,:,-59.5163374561565,Alla data del 31 ottobre 5.666 visite rinviate sono state erogate o riprogrammate
Visite specialistiche,Lazio,Roma,Inmi Lazzaro Spallanzani,Inmi Lazzaro Spallanzani,Totale,1393,1045,:,-42.8630024610336,
Visite specialistiche,Piemonte,Verbania,Asl Vco,Asl Vco,Totale,9480,16250,:,-63.1558492032647,
Visite specialistiche,Sardegna,Cagliari,Arnas Brotzu,Ospedale oncologico Armando Businco,Totale,4320,2270,:,-34.4461305007587,
Visite specialistiche,Sardegna,Cagliari,Arnas Brotzu,Ospedale pediatrico Antonio Cao,Totale,1467,1754,:,-54.4551381558522,
Visite specialistiche,Sardegna,Cagliari,Arnas Brotzu,Ospedale San Michele,Totale,3038,3262,:,-51.7777777777778,
Visite specialistiche,Sardegna,Oristano,Assl Oristano,Ospedale Martino di Bosa,Totale,463,567,:,-55.0485436893204,
Visite specialistiche,Sardegna,Oristano,Assl Oristano,Ospedale Delogu di Ghilarza,Totale,728,460,:,-38.7205387205387,
Visite specialistiche,Sardegna,Oristano,Assl Oristano,Ospedal San Martino di Oristano,Totale,6540,3899,:,-37.3503209119648,
Visite specialistiche,Sardegna,Sassari,AOU Sassari,AOU Sassari,Totale,26286,109,:,-0.412956999431711,
Visite specialistiche,Emilia Romagna,Parma,Ausl Parma,Ausl Parma,Totale,10565,54312,:,-83.715338255468,
Visite specialistiche,Campania,Salerno,Asl Salerno,Psaut di Agropoli,Totale,6,16,:,-72.7272727272727,
Visite specialistiche,Campania,Salerno,Asl Salerno,"Ospedale ""Andrea Tortora"" di Pagani",Totale,948,543,:,-36.4185110663984,
Visite specialistiche,Campania,Salerno,Asl Salerno,"Ospedale ""Santa Maria della Speranza"" di Battipaglia",Totale,3653,720,:,-16.4646695632289,
Visite specialistiche,Campania,Salerno,Asl Salerno,"Ospedale ""Dell'Immacolata"" di Sapri",Totale,265,228,:,-46.2474645030426,
Visite specialistiche,Campania,Salerno,Asl Salerno,"Ospedale ""Luigi Curto"" di Polla",Totale,1210,1005,:,-45.372460496614,
Visite specialistiche,Campania,Salerno,Asl Salerno,"Ospedale ""Maria SS.Addolorata"" di Eboli",Totale,1241,1057,:,-45.9965187119234,
Visite specialistiche,Campania,Salerno,Asl Salerno,"Ospedale ""Mauro Scarlato"" di Scafati",Totale,820,1039,:,-55.8902635825713,
Visite specialistiche,Campania,Salerno,Asl Salerno,Ospedale di Roccadaspide,Totale,210,152,:,-41.9889502762431,
Visite specialistiche,Campania,Salerno,Asl Salerno,"Ospedale ""San Francesco d'Assisi"" di Oliveto Citra",Totale,435,386,:,-47.0158343483557,
Visite specialistiche,Campania,Salerno,Asl Salerno,"Ospedale ""San Luca"" di Vallo della Lucania",Totale,518,555,:,-51.7241379310345,
Visite specialistiche,Campania,Salerno,Asl Salerno,"Ospedale ""Martiri di Villa Malta"" di Sarno",Totale,634,407,:,-39.0970220941402,
Visite specialistiche,Campania,Salerno,Asl Salerno,"Ospedale ""Umberto I"" di Nocera Inferiore",Totale,1560,702,:,-31.0344827586207,
Visite specialistiche,Campania,Salerno,Asl Salerno,Poliambulatori DSB 60,Totale,1936,808,:,-29.4460641399417,
Visite specialistiche,Campania,Salerno,Asl Salerno,Poliambulatori DSB 61,Totale,1919,1532,:,-44.3929295856274,
Visite specialistiche,Campania,Salerno,Asl Salerno,Poliambulatori DSB 62,Totale,1006,605,:,-37.5543140906269,
Visite specialistiche,Campania,Salerno,Asl Salerno,Poliambulatori DSB 63,Totale,2609,1713,:,-39.6344285053216,
Visite specialistiche,Campania,Salerno,Asl Salerno,Poliambulatori DSB 64,Totale,1451,1300,:,-47.2555434387496,
Visite specialistiche,Campania,Salerno,Asl Salerno,Poliambulatori DSB 65,Totale,1598,1136,:,-41.5508412582297,
Visite specialistiche,Campania,Salerno,Asl Salerno,Poliambulatori DSB 66,Totale,4679,4410,:,-48.5201892397403,
Visite specialistiche,Campania,Salerno,Asl Salerno,Poliambulatori DSB 67,Totale,2032,818,:,-28.7017543859649,
Visite specialistiche,Campania,Salerno,Asl Salerno,Poliambulatori DSB 68,Totale,1414,1222,:,-46.3581183611533,
Visite specialistiche,Campania,Salerno,Asl Salerno,Poliambulatori DSB 69,Totale,759,1039,:,-57.7864293659622,
Visite specialistiche,Campania,Salerno,Asl Salerno,Poliambulatori DSB 70,Totale,1660,2939,:,-63.9051967819091,
Visite specialistiche,Campania,Salerno,Asl Salerno,Poliambulatori DSB 71,Totale,633,645,:,-50.4694835680751,
Visite specialistiche,Campania,Salerno,Asl Salerno,Poliambulatori DSB 72,Totale,928,979,:,-51.3371788148925,
Visite specialistiche,Campania,Salerno,Asl Salerno,Casa circondariale di Salerno,Totale,24,40,:,-62.5,
Visite specialistiche,Campania,Salerno,Aou San Giovanni di Dio Ruggi d'Aragona,Ospedale San Giovanni di Dio Ruggi d'Aragona,Totale,17880,4235,:,-19.1498982591002,L'azienda non ha comunicato dati che permettessero di distinguere tra visite specialistiche ed esami strumentali. Il dato comprende entrambe le fattispecie
Visite specialistiche,Toscana,Siena,AOU Senese,AOU Senese,Totale,11483,13304,:,-53.6732964860612,
Visite specialistiche,Calabria,Cosenza,Asp Cosenza,Polo sanitario di Castrolibero,Totale,399,579,:,-59.2024539877301,
Visite specialistiche,Calabria,Cosenza,Asp Cosenza,Poliambulatorio di Montalto,Totale,141,858,:,-85.8858858858859,
Visite specialistiche,Calabria,Cosenza,Asp Cosenza,Poliambulatorio di Bisignano,Totale,184,116,:,-38.6666666666667,
Visite specialistiche,Calabria,Cosenza,Asp Cosenza,Poliambulatorio di Acri,Totale,242,750,:,-75.6048387096774,
Visite specialistiche,Calabria,Cosenza,Asp Cosenza,Dipartimento salute mentale e dipendenze,Totale,7571,770,:,-9.23150701354754,
Visite specialistiche,Liguria,Genova,Ospedale pediatrico Gaslini,Ospedale pediatrico Gaslini,Totale,4975,4417,:,-47.0293867120954,
Visite specialistiche,Liguria,Genova,Ospedale Galliera,Ospedale Galliera,Totale,4374,3946,:,-47.4278846153846,
Visite specialistiche,Piemonte,Cuneo,Asl Cuneo 2,Asl Cuneo 2,Totale,10224,8417,:,-45.1531570194732,
Visite specialistiche,Sicilia,Catania,Arnas Garibaldi,Arnas Garibaldi,Totale,17869,4992,:,-21.8363151218232,
Visite specialistiche,Emilia Romagna,Modena,Ausl Modena,Ospedale di Carpi,Totale,3953,924,:,-18.9460734057822,
Visite specialistiche,Emilia Romagna,Modena,Ausl Modena,Ospedale di Mirandola,Totale,2947,1613,:,-35.3728070175439,
Visite specialistiche,Emilia Romagna,Modena,Ausl Modena,Ospedale di Sassuolo,Totale,3471,3531,:,-50.4284490145673,
Visite specialistiche,Emilia Romagna,Modena,Ausl Modena,Ospedale di Pavullo,Totale,863,1010,:,-53.9241857981847,
Visite specialistiche,Emilia Romagna,Modena,Ausl Modena,Ospedale di Vignola,Totale,4459,751,:,-14.4145873320537,
Visite specialistiche,Emilia Romagna,Modena,Ausl Modena,Poliambulatori distrettuali e consultori,Totale,12041,20280,:,-62.7455833668513,
Visite specialistiche,Calabria,Catanzaro,Asp Catanzaro,Distretto di Catanzaro,Totale,556,2032,:,-78.516228748068,L'azienda ha lavorato a pieno regime fino al 10 marzo. I dati fanno riferimento al periodo compreso tra l'11/03/20 e il 30/04/20
Visite specialistiche,Calabria,Catanzaro,Asp Catanzaro,Distretto Lametino,Totale,137,1011,:,-88.0662020905923,L'azienda ha lavorato a pieno regime fino al 10 marzo. I dati fanno riferimento al periodo compreso tra l'11/03/20 e il 30/04/20
Visite specialistiche,Calabria,Catanzaro,Asp Catanzaro,Distretto Soverato,Totale,220,2091,:,-90.4803115534401,L'azienda ha lavorato a pieno regime fino al 10 marzo. I dati fanno riferimento al periodo compreso tra l'11/03/20 e il 30/04/20
Visite specialistiche,Calabria,Catanzaro,Asp Catanzaro,Presidio ospedaliero Giovanni Paolo II di Lamezia Terme,Totale,1055,1802,:,-63.0731536576829,L'azienda ha lavorato a pieno regime fino al 10 marzo. I dati fanno riferimento al periodo compreso tra l'11/03/20 e il 30/04/20
Visite specialistiche,Calabria,Catanzaro,Asp Catanzaro,Ospedale civile di Soverato,Totale,507,628,:,-55.3303964757709,L'azienda ha lavorato a pieno regime fino al 10 marzo. I dati fanno riferimento al periodo compreso tra l'11/03/20 e il 30/04/20
Visite specialistiche,Calabria,Catanzaro,Asp Catanzaro,Presidio ospedaliero Soveria Mannelli,Totale,131,135,:,-50.7518796992481,L'azienda ha lavorato a pieno regime fino al 10 marzo. I dati fanno riferimento al periodo compreso tra l'11/03/20 e il 30/04/20
Visite specialistiche,Piemonte,Alessandria,Asl Alessandria,Ospedale Monsignor Giovanni Galliano di Acqui Terme,Totale,1250,264,:,-17.4372523117569,
Visite specialistiche,Piemonte,Alessandria,Asl Alessandria,Ospedale civile di Ovada,Totale,432,59,:,-12.0162932790224,
Visite specialistiche,Piemonte,Alessandria,Asl Alessandria,Ospedale Santo Spirito di Casale Monferrato,Totale,3167,585,:,-15.591684434968,
Visite specialistiche,Piemonte,Alessandria,Asl Alessandria,Ospedale San Giacomo di Novi Ligure,Totale,7085,520,:,-6.83760683760684,
Visite specialistiche,Piemonte,Alessandria,Asl Alessandria,Ospedale civile Santi Antonio e Margherita di Tortona,Totale,2398,227,:,-8.64761904761905,
Visite specialistiche,Lombardia,Varese,Asst Sette Laghi,Asst Sette Laghi,Totale,15019,10704,:,-41.6125646308751,
Visite specialistiche,Lombardia,Mantova,Asst Mantova,Asst Mantova,Totale,33221,3256,:,-8.9261726567426,
Visite specialistiche,Campania,Napoli,AORN Santobono Pausilipon di Napoli,AORN Santobono Pausilipon di Napoli,Totale,1616,5828,:,-78.2912412681354,
Visite specialistiche,Campania,Napoli,AORN Ospedali dei Colli,AORN Ospedali dei Colli,Totale,157,0,:,0.0,
Visite specialistiche,Lombardia,Lecco,Asst Lecco,Asst Lecco,Totale,21169,30541,:,-59.0620769677045,
Visite specialistiche,Lombardia,Milano,Asst Gaetano Pini CTO,Asst Gaetano Pini CTO,Totale,6336,6231,:,-49.5822391978993,
Visite specialistiche,Lombardia,Pavia,Asst Pavia,Ospedale di Broni,Totale,38,426,:,-91.8103448275862,Il dato fa riferimento alle sole prime visite. Il dato relativo ai rinvii è stimato
Visite specialistiche,Lombardia,Pavia,Asst Pavia,Ospedale Carlo Mira di Casorate Primo,Totale,61,652,:,-91.4446002805049,Il dato fa riferimento alle sole prime visite. Il dato relativo ai rinvii è stimato
Visite specialistiche,Lombardia,Pavia,Asst Pavia,Ospedale di Mede,Totale,25,361,:,-93.5233160621762,Il dato fa riferimento alle sole prime visite. Il dato relativo ai rinvii è stimato
Visite specialistiche,Lombardia,Pavia,Asst Pavia,Ospedale Asilo Vittoria di Mortara,Totale,73,408,:,-84.8232848232848,Il dato fa riferimento alle sole prime visite. Il dato relativo ai rinvii è stimato
Visite specialistiche,Lombardia,Pavia,Asst Pavia,Poliambulatorio di Pavia,Totale,416,1254,:,-75.0898203592814,Il dato fa riferimento alle sole prime visite. Il dato relativo ai rinvii è stimato
Visite specialistiche,Lombardia,Pavia,Asst Pavia,Ospedale unificato di Broni - Stradella,Totale,132,496,:,-78.9808917197452,Il dato fa riferimento alle sole prime visite. Il dato relativo ai rinvii è stimato
Visite specialistiche,Lombardia,Pavia,Asst Pavia,Ospedale Ss. Annunziata di Varzi,Totale,21,250,:,-92.2509225092251,Il dato fa riferimento alle sole prime visite. Il dato relativo ai rinvii è stimato
Visite specialistiche,Lombardia,Pavia,Asst Pavia,Ospedale civile di Vigevano,Totale,609,2044,:,-77.0448548812665,Il dato fa riferimento alle sole prime visite. Il dato relativo ai rinvii è stimato
Visite specialistiche,Lombardia,Pavia,Asst Pavia,Ospedale civile di Voghera,Totale,444,1619,:,-78.4779447406689,Il dato fa riferimento alle sole prime visite. Il dato relativo ai rinvii è stimato
Visite specialistiche,Marche,Pesaro,Ao Ospedali riuniti Marche Nord,Ao Ospedali riuniti Marche Nord,Totale,7543,5721,:,-43.1317852834741,
Visite specialistiche,Veneto,Venezia,Azienda ULSS 4 Veneto Orientale,Azienda ULSS 4 Veneto Orientale,Totale,1748,9898,:,-84.9905546968916,Il dato fa riferimento al periodo compreso tra il 15 marzo ed il 3 maggio
Visite specialistiche,Liguria,Genova,Asl 4 Liguria,Ospedale di Chiavari,Totale,1502,1305,:,-46.4909155682223,
Visite specialistiche,Liguria,Genova,Asl 4 Liguria,Ospedale di Lavagna,Totale,4625,1274,:,-21.5968808272589,
Visite specialistiche,Liguria,Genova,Asl 4 Liguria,Ospedale Nostra Signora di Montallegro di Rapallo,Totale,564,1894,:,-77.0545158665582,
Visite specialistiche,Liguria,Genova,Asl 4 Liguria,Ospedale di Sestri Levante,Totale,2802,3046,:,-52.0861833105335,
Visite specialistiche,Campania,Napoli,Asl Napoli 3 Sud,Ospedale di Sorrento,Totale,360,164,:,-31.2977099236641,I dati comprendono anche quelli relativi al presidio ospedaliero di Vico Equense
Visite specialistiche,Campania,Napoli,Asl Napoli 3 Sud,Ospedale Santa Maria della Pietà di Nola,Totale,3760,929,:,-19.8123267221156,
Visite specialistiche,Campania,Napoli,Asl Napoli 3 Sud,Ospedale Cavalier Raffaele Apicenna di Pollena Trocchia,Totale,631,2271,:,-78.2563749138525,
Visite specialistiche,Lombardia,Sondrio,Asst Valtellina e Alto Lario,Asst Valtellina e Alto Lario,Totale,5368,9562,:,-64.045545880777,
Visite specialistiche,Lombardia,Varese,Asst Valle Olona,Asst Valle Olona,Totale,28599,7993,:,-21.8435723655444,
Visite specialistiche,Campania,Napoli,AOU Federico II di Napoli,AOU Federico II di Napoli,Totale,10635,20743,:,-66.1068264389062,
Visite specialistiche,Umbria,Perugia,Azienda Usl Umbria 1,Azienda Usl Umbria 1,Totale,29109,41853,:,-58.9794537921705,
Visite specialistiche,Umbria,Terni,Azienda Usl Umbria 2,Ospedale Santa Maria dei Laici di Amelia,Totale,244,150,:,-38.0710659898477,
Visite specialistiche,Umbria,Terni,Azienda Usl Umbria 2,Ospedale di Cascia,Totale,43,21,:,-32.8125,
Visite specialistiche,Umbria,Terni,Azienda Usl Umbria 2,Ospedale San Giovanni Battista di Foligno,Totale,5637,1361,:,-19.4484138325236,
Visite specialistiche,Umbria,Terni,Azienda Usl Umbria 2,Ospedale di Narni,Totale,785,274,:,-25.8734655335222,
Visite specialistiche,Umbria,Terni,Azienda Usl Umbria 2,Ospedale di Norcia,Totale,109,50,:,-31.4465408805031,
Visite specialistiche,Umbria,Terni,Azienda Usl Umbria 2,Ospedale Santa Maria della Stella di Orvieto,Totale,1891,757,:,-28.5876132930514,
Visite specialistiche,Umbria,Terni,Azienda Usl Umbria 2,Ospedale civile San Matteo degli Infermi di Spoleto,Totale,1898,629,:,-24.8911753066878,
Visite specialistiche,Umbria,Terni,Azienda Usl Umbria 2,Domus Gratiae di Terni,Totale,326,432,:,-56.9920844327177,I dati comprendono anche 255 visite eseguite e 340 rinviate nella sede di Narni
Visite specialistiche,Umbria,Terni,Azienda Usl Umbria 2,Ospedale di Trevi,Totale,63,0,:,0.0,
Visite specialistiche,Lombardia,Cremona,Asst Cremona,Asst Cremona,Totale,11113,12182,:,-52.2944837948057,Il dati sono una nostra elaborazione a partire dai dati forniti
Visite specialistiche,Liguria,Genova,Asl 3 Liguria,DSS 9. Medio Ponente,Totale,3966,5015,:,-55.8401068923283,
Visite specialistiche,Sardegna,Cagliari,AOU Ospedale civile di Cagliari,AOU Ospedale civile di Cagliari,Totale,7053,4094,:,-36.7273705929847,
Visite specialistiche,Emilia Romagna,Ravenna,Ausl Romagna,Ausl Romagna,Totale,83868,62034,:,-42.5175802936217,
Visite specialistiche,Sicilia,Catania,Asp Catania,Ospedale S. Marta e S. Venera di Acireale,Totale,3139,12289,:,-79.6538760694841,"Il confronto non è sui rinvii, ma sulle prestazioni dello stesso periodo del 2019"
Visite specialistiche,Sicilia,Catania,Asp Catania,Ospedale Maria SS. Addolorata di Biancavilla,Totale,3540,10889,:,-75.4660752650911,"Il confronto non è sui rinvii, ma sulle prestazioni dello stesso periodo del 2019"
Visite specialistiche,Sicilia,Catania,Asp Catania,Ospedale Castiglione Prestianni di Bronte,Totale,2592,6586,:,-71.7585530616692,"Il confronto non è sui rinvii, ma sulle prestazioni dello stesso periodo del 2019"
Visite specialistiche,Sicilia,Catania,Asp Catania,Ospedale Gravina e S. Pietro di Caltagirone,Totale,4955,19881,:,-80.0491222419069,"Il confronto non è sui rinvii, ma sulle prestazioni dello stesso periodo del 2019"
Visite specialistiche,Sicilia,Catania,Asp Catania,Ospedale Basso Ragusa Mario di Militello,Totale,1373,2828,:,-67.3173054034754,"Il confronto non è sui rinvii, ma sulle prestazioni dello stesso periodo del 2019"
Visite specialistiche,Sicilia,Catania,Asp Catania,Ospedale SS. Salvatore di Paternò,Totale,3753,9701,:,-72.1049502006838,"Il confronto non è sui rinvii, ma sulle prestazioni dello stesso periodo del 2019"
Visite specialistiche,Sicilia,Catania,Asp Catania,Ospedale San Giovanni di Dio e Sant'Isidoro di Giarre,Totale,309,2510,:,-89.0386661936857,"Il confronto non è sui rinvii, ma sulle prestazioni dello stesso periodo del 2019"
Visite specialistiche,Campania,Caserta,AORN Caserta,AORN Caserta,Totale,3439,4716,:,-57.8295524218271,
